"Id","Marker","Distance","chromosome(group) index","chromosome(group)name"
"rs6259073","rs6259073",0.0,"1","G1"
"gnf01_037_906","gnf01_037_906",18.8759518359,"1","G1"
"CEL-1_49807741","CEL-1_49807741",22.3640088402,"1","G1"
"rs6206420","rs6206420",27.0783010107,"1","G1"
"rs13475909","rs13475909",31.7900368888,"1","G1"
"gnf01_085_746","gnf01_085_746",40.3483019825,"1","G1"
"rs6157345","rs6157345",46.307487363,"1","G1"
"rs13476024","rs13476024",46.3074874636,"1","G1"
"rs13476036","rs13476036",46.3074875642,"1","G1"
"rs13476098","rs13476098",46.3074876629,"1","G1"
"rs6354736","rs6354736",46.3074877635,"1","G1"
"rs13476148","rs13476148",53.5490351338,"1","G1"
"rs13476177","rs13476177",53.5490352344,"1","G1"
"rs3685643","rs3685643",63.4589587394,"1","G1"
"rs3707322","rs3707322",64.5941282976,"1","G1"
"rs13476259","rs13476259",69.3029202484,"1","G1"
"mCV22849619","mCV22849619",83.5025899597,"1","G1"
"rs3689947","rs3689947",89.4511801843,"1","G1"
"gnf02_001_197","gnf02_001_197",0.0,"2","G2"
"rs13476331","rs13476331",9.96515154839e-08,"2","G2"
"CEL-2_23847726","CEL-2_23847726",10.552715769,"2","G2"
"rs6295520","rs6295520",22.6083164224,"2","G2"
"rs13476507","rs13476507",26.0967220543,"2","G2"
"rs13476540","rs13476540",34.6556521058,"2","G2"
"rs13476554","rs13476554",35.7913171286,"2","G2"
"rs6371268","rs6371268",35.7913172292,"2","G2"
"rs3674264","rs3674264",54.6820226694,"2","G2"
"rs3658729","rs3658729",55.8166639842,"2","G2"
"rs4223428","rs4223428",56.9530777968,"2","G2"
"rs8251635","rs8251635",56.9530778965,"2","G2"
"rs3655895","rs3655895",60.4428781504,"2","G2"
"rs13476832","rs13476832",63.9329347061,"2","G2"
"rs6376291","rs6376291",65.0684950715,"2","G2"
"rs13476892","rs13476892",72.3134984234,"2","G2"
"rs3712766","rs3712766",74.6042077038,"2","G2"
"rs13476973","rs13476973",0.0,"3","G3"
"rs13477019","rs13477019",2.28805085272,"3","G3"
"rs13477048","rs13477048",16.4870858267,"3","G3"
"rs6371982","rs6371982",16.4870859273,"3","G3"
"rs3691114","rs3691114",25.0442784764,"3","G3"
"rs6239288","rs6239288",25.044278577,"3","G3"
"rs3683507","rs3683507",28.5343228001,"3","G3"
"rs13477223","rs13477223",29.6706827208,"3","G3"
"rs3688780","rs3688780",31.9703700449,"3","G3"
"rs4138858","rs4138858",31.9703701437,"3","G3"
"mCV24984125","mCV24984125",34.2708662674,"3","G3"
"rs3709137","rs3709137",40.232874224,"3","G3"
"rs13477365","rs13477365",42.5305547193,"3","G3"
"rs13477425","rs13477425",56.750624733,"3","G3"
"rs3657112","rs3657112",66.678929273,"3","G3"
"rs3724562","rs3724562",68.9941613078,"3","G3"
"rs13477549","rs13477549",0.0,"4","G4"
"rs3653593","rs3653593",5.94942473061,"4","G4"
"rs13477617","rs13477617",5.9494248312,"4","G4"
"rs13477669","rs13477669",24.8393544927,"4","G4"
"rs3657529","rs3657529",32.0797161665,"4","G4"
"rs6239799","rs6239799",32.0797162652,"4","G4"
"rs6374954","rs6374954",35.569762066,"4","G4"
"rs13477759","rs13477759",36.7059378773,"4","G4"
"rs3708061","rs3708061",36.7059379779,"4","G4"
"rs13477831","rs13477831",42.6657892484,"4","G4"
"rs3705454","rs3705454",44.9636201728,"4","G4"
"rs6365760","rs6365760",57.6914793905,"4","G4"
"rs3688968","rs3688968",57.6914794911,"4","G4"
"rs3714811","rs3714811",58.8259570468,"4","G4"
"rs3023025","rs3023025",79.3837453648,"4","G4"
"rs13478069","rs13478069",103.792501954,"4","G4"
"CEL-5_24211033","CEL-5_24211033",0.0,"5","G5"
"rs6159963","rs6159963",1.12629516423,"5","G5"
"rs13478188","rs13478188",3.42610696331,"5","G5"
"rs6256504","rs6256504",4.56258668005,"5","G5"
"rs13478222","rs13478222",6.86560499668,"5","G5"
"CEL-5_79059370","CEL-5_79059370",27.4332990944,"5","G5"
"rs3726547","rs3726547",34.6783898808,"5","G5"
"rs3663141","rs3663141",36.981059242,"5","G5"
"rs3662161","rs3662161",36.9810593426,"5","G5"
"gnf05_120_578","gnf05_120_578",46.8896928057,"5","G5"
"rs13478557","rs13478557",59.6171542853,"5","G5"
"UT_5_143_236614","UT_5_143_236614",69.5157853663,"5","G5"
"rs3699833","rs3699833",0.0,"6","G6"
"rs13478621","rs13478621",9.96515154839e-08,"6","G6"
"gnf06_026_418","gnf06_026_418",14.1978874281,"6","G6"
"rs13478728","rs13478728",24.1063585076,"6","G6"
"rs13478729","rs13478729",24.1063586082,"6","G6"
"CEL-6_57082524","CEL-6_57082524",28.8158700671,"6","G6"
"rs3672029","rs3672029",32.3055562135,"6","G6"
"rs6268125","rs6268125",35.7939554695,"6","G6"
"rs13478995","rs13478995",53.0731536811,"6","G6"
"rs3152403","rs3152403",55.3690599287,"6","G6"
"rs13479082","rs13479082",75.9493246051,"6","G6"
"rs6387265","rs6387265",81.9124043649,"6","G6"
"rs3675839","rs3675839",0.0,"7","G7"
"rs3724197","rs3724197",9.96515154839e-08,"7","G7"
"mCV25220583","mCV25220583",11.3098025024,"7","G7"
"rs3720735","rs3720735",18.5642220238,"7","G7"
"rs3670807","rs3670807",20.8650588617,"7","G7"
"rs3719256","rs3719256",22.0013549104,"7","G7"
"rs6228386","rs6228386",22.0013550101,"7","G7"
"rs3696018","rs3696018",24.3004941521,"7","G7"
"rs6160140","rs6160140",27.7906741481,"7","G7"
"rs13479325","rs13479325",28.9268499603,"7","G7"
"rs3677657","rs3677657",28.92685006,"7","G7"
"rs13479392","rs13479392",31.2257367261,"7","G7"
"rs13479451","rs13479451",37.1856234754,"7","G7"
"rs3708100","rs3708100",43.1456342861,"7","G7"
"rs3724711","rs3724711",44.2813227605,"7","G7"
"rs13479497","rs13479497",47.7814381327,"7","G7"
"rs6216320","rs6216320",79.7239219407,"7","G7"
"rs6273176","rs6273176",0.0,"8","G8"
"gnf08_021_719","gnf08_021_719",2.31599977147,"8","G8"
"rs3704385","rs3704385",2.31599987112,"8","G8"
"gnf08_026_892","gnf08_026_892",5.80484737363,"8","G8"
"rs13479735","rs13479735",18.5443758229,"8","G8"
"rs13479753","rs13479753",24.5126130432,"8","G8"
"CEL-8_51076519","CEL-8_51076519",24.5126131428,"8","G8"
"rs8253516","rs8253516",31.7534693843,"8","G8"
"rs3661882","rs3661882",45.9528222559,"8","G8"
"gnf08_109_993","gnf08_109_993",52.0471508522,"8","G8"
"rs13480107","rs13480107",0.0,"9","G9"
"rs3686936","rs3686936",1.00582838058e-07,"9","G9"
"CEL-9_29909656","CEL-9_29909656",1.13617492467,"9","G9"
"rs3665206","rs3665206",4.62635489926,"9","G9"
"rs6207781","rs6207781",6.92398244143,"9","G9"
"rs13480208","rs13480208",24.2016780525,"9","G9"
"rs3693209","rs3693209",39.9156034738,"9","G9"
"rs13480313","rs13480313",45.8745861016,"9","G9"
"rs13480323","rs13480323",47.0105138868,"9","G9"
"rs13480325","rs13480325",48.1469290257,"9","G9"
"rs6277880","rs6277880",49.2814916149,"9","G9"
"rs3694903","rs3694903",68.9695418887,"9","G9"
"rs4228126","rs4228126",0.0,"10","G10"
"rs3696055","rs3696055",2.28901334479,"10","G10"
"CEL-10_20959105","CEL-10_20959105",6.9989248924,"10","G10"
"rs13459121","rs13459121",9.29794455133,"10","G10"
"rs13480579","rs13480579",11.595200846,"10","G10"
"rs3683193","rs3683193",33.8805254381,"10","G10"
"rs13480657","rs13480657",37.3679013029,"10","G10"
"rs13480722","rs13480722",45.9268306736,"10","G10"
"rs3688351","rs3688351",47.0625234134,"10","G10"
"rs3654717","rs3654717",47.062523514,"10","G10"
"rs6201222","rs6201222",51.7721299101,"10","G10"
"mCV25429984","mCV25429984",54.0611433089,"10","G10"
"rs4222040","rs4222040",0.0,"11","G11"
"rs3716790","rs3716790",4.69935968611,"11","G11"
"rs3023251","rs3023251",4.69935978577,"11","G11"
"rs13480973","rs13480973",15.9977699229,"11","G11"
"rs13481032","rs13481032",23.2395205069,"11","G11"
"rs3088940","rs3088940",25.5373648498,"11","G11"
"rs13481088","rs13481088",36.8363377452,"11","G11"
"rs13481099","rs13481099",36.8363378448,"11","G11"
"rs13481127","rs13481127",39.135476822,"11","G11"
"rs3655537","rs3655537",42.6256568069,"11","G11"
"rs3722590","rs3722590",43.7613460263,"11","G11"
"gnf11_105_136","gnf11_105_136",49.7266592812,"11","G11"
"rs3698446","rs3698446",56.9808013411,"11","G11"
"rs13481230","rs13481230",64.2191690728,"11","G11"
"rs3709002","rs3709002",0.0,"12","G12"
"rs3718992","rs3718992",2.31588868797,"12","G12"
"rs13481365","rs13481365",5.80594523065,"12","G12"
"rs6225272","rs6225272",8.10551608168,"12","G12"
"rs3711448","rs3711448",9.24211398512,"12","G12"
"rs13481405","rs13481405",10.3782910798,"12","G12"
"UT_12_48_062521","UT_12_48_062521",13.8683476243,"12","G12"
"rs13481491","rs13481491",17.358170215,"12","G12"
"rs13481509","rs13481509",17.3581703138,"12","G12"
"rs13481573","rs13481573",36.2482237685,"12","G12"
"rs13481611","rs13481611",42.2068775557,"12","G12"
"rs3700012","rs3700012",43.3417767864,"12","G12"
"rs13481634","rs13481634",54.6308812518,"12","G12"
"rs6215262","rs6215262",0.0,"13","G13"
"rs13481734","rs13481734",3.47822400974,"13","G13"
"rs3693942","rs3693942",22.3707555924,"13","G13"
"rs13481839","rs13481839",27.0790673103,"13","G13"
"rs3712144","rs3712144",28.2147600194,"13","G13"
"gnf13_092_499","gnf13_092_499",32.9246686986,"13","G13"
"rs4230027","rs4230027",36.4138309979,"13","G13"
"rs6316705","rs6316705",44.9618717409,"13","G13"
"rs3672461","rs3672461",0.0,"14","G14"
"rs3687889","rs3687889",1.12659553438,"14","G14"
"gnf14_018_589","gnf14_018_589",3.42628285196,"14","G14"
"rs13482117","rs13482117",3.42628295254,"14","G14"
"rs3695383","rs3695383",4.56233490352,"14","G14"
"gnf14_040_022","gnf14_040_022",9.27794450335,"14","G14"
"rs3695574","rs3695574",20.5852243295,"14","G14"
"rs3723413","rs3723413",22.8835676201,"14","G14"
"rs3701623","rs3701623",22.8835677207,"14","G14"
"rs13482258","rs13482258",27.5901964922,"14","G14"
"rs3678059","rs3678059",59.5244267136,"14","G14"
"rs3698545","rs3698545",66.7683666823,"14","G14"
"CEL-14_116404928","CEL-14_116404928",69.0610426981,"14","G14"
"rs13459177","rs13459177",0.0,"15","G15"
"rs13482427","rs13482427",1.00117176771e-07,"15","G15"
"CEL-15_16073911","CEL-15_16073911",1.13630182855,"15","G15"
"rs3662618","rs3662618",3.43580624321,"15","G15"
"rs3666667","rs3666667",4.57186576864,"15","G15"
"CEL-15_43206205","CEL-15_43206205",8.06191010028,"15","G15"
"rs3674266","rs3674266",8.0619102004,"15","G15"
"rs13482580","rs13482580",9.1977068088,"15","G15"
"rs13482628","rs13482628",16.4469761346,"15","G15"
"rs3699312","rs3699312",19.9422241915,"15","G15"
"rs3701224","rs3701224",25.9014148982,"15","G15"
"rs6326790","rs6326790",37.2005564235,"15","G15"
"rs3023429","rs3023429",44.4317161394,"15","G15"
"rs4161352","rs4161352",0.0,"16","G16"
"rs4180773","rs4180773",34.0950017869,"16","G16"
"rs4186129","rs4186129",35.2279712651,"16","G16"
"rs4188505","rs4188505",38.7180155367,"16","G16"
"rs4189478","rs4189478",38.7180156354,"16","G16"
"rs3721202","rs3721202",45.9601496365,"16","G16"
"rs4206327","rs4206327",48.258405868,"16","G16"
"rs4213876","rs4213876",55.5000038203,"16","G16"
"rs3708391","rs3708391",68.2172879726,"16","G16"
"rs6239530","rs6239530",0.0,"17","G17"
"rs13459148","rs13459148",7.23154639406,"17","G17"
"CEL-17_12736614","CEL-17_12736614",7.23154649418,"17","G17"
"rs3703275","rs3703275",7.23154659383,"17","G17"
"rs4231494","rs4231494",19.959266487,"17","G17"
"UT_17_45_56384","UT_17_45_56384",23.4520421443,"17","G17"
"rs3657117","rs3657117",34.7568360432,"17","G17"
"rs13483108","rs13483108",43.2703815373,"17","G17"
"rs3670607","rs3670607",46.7193419514,"17","G17"
"rs13459155","rs13459155",58.0081824656,"17","G17"
"gnf18_007_239","gnf18_007_239",0.0,"18","G18"
"rs6358426","rs6358426",3.48004316352,"18","G18"
"rs13483237","rs13483237",4.61736045219,"18","G18"
"rs3683699","rs3683699",8.10774967447,"18","G18"
"rs3669543","rs3669543",22.307844175,"18","G18"
"rs6320743","rs6320743",25.7961669713,"18","G18"
"rs4231934","rs4231934",33.0281709954,"18","G18"
"rs3686467","rs3686467",0.0,"19","G19"
"rs3669236","rs3669236",12.7084359005,"19","G19"
"rs13483628","rs13483628",26.8988067787,"19","G19"
"rs13483650","rs13483650",32.8473978918,"19","G19"
